1,18,12/01/2024,"If you loved The Night Circus, you might enjoy The Starless Sea by the same author, Erin Morgenstern!"
2,19,12/01/2024,Check out The Invisible Life of Addie LaRue by V.E. Schwab. It's beautifully written and immersive.
3,20,12/02/2024,Try The Decagon House Murders by Yukito Ayatsuji. It's an incredible mystery with a unique premise.
4,21,12/02/2024,Circe by Madeline Miller is a great modern take on mythology and ancient literature.
5,22,12/02/2024,You should explore Hyperion Cantos by Dan Simmons—it's an intricate and breathtaking sci-fi universe.
6,23,12/02/2024,Check out The Kiss Quotient by Helen Hoang. It's a heartwarming romance with great characters.
7,24,12/02/2024,"Try Red, White & Royal Blue by Casey McQuiston if you haven't already. It's so much fun!"
8,25,12/03/2024,Beneath a Scarlet Sky by Mark Sullivan is a beautifully told historical fiction based on a true story.
9,26,12/03/2024,Sapiens by Yuval Noah Harari is an outstanding read about the history of humankind.
10,27,12/03/2024,Try Why We Sleep by Matthew Walker—it’s a fascinating exploration of sleep and its importance.
11,28,12/03/2024,The Girl with the Dragon Tattoo by Stieg Larsson is an intense and gripping thriller.
12,29,12/04/2024,"You might enjoy Milk and Honey by Rupi Kaur for modern, heartfelt poetry."
13,30,12/04/2024,"For an epic fantasy, try The First Law Trilogy by Joe Abercrombie—it’s dark and captivating."
14,31,12/05/2024,Try Mexican Gothic by Silvia Moreno-Garcia. It's atmospheric and chilling!
15,32,12/05/2024,The Haunting of Hill House by Shirley Jackson is a classic that never fails to scare.
16,33,12/05/2024,Steve Jobs by Walter Isaacson is an inspiring biography of the visionary tech leader.
17,34,12/05/2024,The Innovators by Walter Isaacson dives into the history of tech innovation and its pioneers.
18,35,12/05/2024,AI Superpowers by Kai-Fu Lee is an eye-opening book about AI and global competition in tech.
19,36,12/06/2024,Six of Crows by Leigh Bardugo is an exciting YA novel with amazing characters and plot twists.
20,37,12/06/2024,You might love The Hate U Give by Angie Thomas for its impactful story and relatable themes.
21,38,12/06/2024,The Thing Around Your Neck by Chimamanda Ngozi Adichie is a brilliant collection of short stories.